<?xml version="1.0" encoding="UTF-8" ?>
<module>
	<name>faq</name>
	<displayName><![CDATA[FAQ]]></displayName>
	<version><![CDATA[1.0.1]]></version>
	<description><![CDATA[This module allows you to create a page to answer frequently asked questions.]]></description>
	<author><![CDATA[Bortone Cesario / ZelTroN2k3]]></author>
	<tab><![CDATA[front_office_features]]></tab>
	<confirmUninstall><![CDATA[Are you sure you want to uninstall?]]></confirmUninstall>
	<is_configurable>1</is_configurable>
	<need_instance>0</need_instance>
	<limited_countries></limited_countries>
</module>